휴양림_명칭,지역,휴양림_주소,위도,경도,전화번호,내용,비용,이미지주소
대전둘레산길,대전,대전 중구 문화동 산 18-1,36.301724,127.421545,042-270-5583,"산들이 길게 뻗어 대전을 감싸고 그 사이로 3대 하천인 대전천, 유등천, 갑천이 차례로 만나 금강으로 흐른다. 시내에서 바라보면 서쪽으로 금남정맥의 명산 계룡산을 배경으로 금수봉, 도덕봉이 삽재 건너 갑하산, 우산봉으로 이어져 북쪽의 금병산으로 흐른다. 동으로는 계족의 능선이 길게 뻗어 식장산에 우뚝 솟고 남에 보문산, 구봉산을 수놓으며 다시 서쪽의 빈계산, 금수봉, 도덕봉의 능선과 산길로 만나고 있다. 2004년 9월 19일부터 안내산행을 시작한 대전둘레산길잇기는 쉽게 찾아갈 수 있는 대전의 산들을 연결하여 많은 시민들이 대전 주변의 산을 한 바퀴 돌아보게 하려는 것이다. 대전을 둘러싸고 있는 산을 이어서 걸어보면 대전 전체의 다양한 모습을 조망할 수 있고, 대전이 얼마나 아름다운지 자연스럽게 느끼게 된다.
그러면서 자연환경을 소중히 여기게 되고 대전을 사랑하는 마음을 갖게 되지 않겠는가! 언제 어디서라도 주변을 살피면 항상 하늘금을 그으며 대전의 산들이 정답게 다가온다. 그 산을 보면서 기쁨을 느낀다면 대전의 산이 대전을 품고 있듯이 우리도 가슴 속에 대전의 산을 품게 되지 않겠는가! 이러한 뜻에서 약 300리에 달하는 대전둘레산길잇기(133km) 코스를 12개 구간으로 나누어 시민들이 쉽고 편하게 산행을 즐길 수 있도록 대중 교통편과 산행지도를 포함한 간략한 안내서를 만들었다. 많은 시민들이 이용하여 우리지역의 아름다운 산들이 온전하게 시민의 품으로 돌아오기 바란다   산에서 산으로 이어지는 둘레산길은 한 구간 당 10㎞ 정도로 대략 7시간이 걸린다. 둘레산길은 대전을 둘러싸고 있는 보문산, 오도산, 만인산, 마들령, 식장산, 계족산, 구봉산, 계룡산 국립공원, 금병선, 갑하산, 빈계산, 방동저수지, 뿌리공원 등을 휘도는 방대한 거리이다. 대전 둘레산길을 지나는 사람들은 이때만큼은 자연의 일부가 된다. 문득 감회가 새롭다. 우리가 모르는 사이, 아름다움은 늘 그곳에 있었다.
내 집 뒷산도 대전의 일부였고, 내가 걷는 이 길도 대전을 빙 둘러 이어져 있다는 사실. 내 발로 꾹꾹 밟고 지난 길들이 계절마다 이렇게 예쁜 옷으로 갈아입는 것을 잊고 살았다는 생각에 저절로 마음이 숙연해진다.
저 아래 바쁘게 돌아가는 시계를 잠시 풀어놓고 자연의 일부가 되어 나무의 체온도 느껴보고, 바위 같았던 표정을 거둘 수 있는 곳. 그곳으로 가는 것이 바쁜 일상에 지친 사람들에게 가장 큰 선물일지 모른다.",무료,https://daejeontour.co.kr/upload/atch/tourspot/20220127094103333.jpg
대청호반,대전,대전광역시 동구 추동 328,36.3727738,127.4745761,042-930-7240,"대청호는 1980년 대청댐이 완공되면서 조성되어 대전광역시·청주시의 식수와 생활용수·공업용수를 공급하고 있다. 호수 위로 해발고도 200∼300m의 야산과 수목이 펼쳐져 드라이브 코스로 잘 알려져 있다. 철새와 텃새가 많이 날아들어 여름에는 상류에서 백로를 쉽게 볼 수 있다. 전망대에 오르면 주변 경관이 한눈에 내려다보이며, 1998년에 개관한 물홍보관은 입체 영상관과 수족관 등을 갖추고 있다. 주위에 잔디광장도 있다. 주변에 금강유원지·장계관광지·문의문화재단지 등이 있어 연계 관광이 가능하다. 찾아가려면 경부고속도로를 타고 가다가 신탄진 인터체인지로 나와 신탄진 4거리에서 대청댐 방면으로 가면 된다. 호수를 한 바퀴 돌아보려면 승용차로 3시간 정도 걸린다   대통령의 별장으로 잘 알려진 ‘청남대’가 자리한 대청호반, 그래서인지 청정자연의 모습이 그대로 보존된 이곳은 최근 청남대의 일반인 개방으로 더욱 유명세를 타고 있다. 1980년 12월, 충북 청원군 하석리와 대전 대덕구 신탄진동 사이 금강 본류를 가로지르는 댐이 만들어졌다. 천리의 비단물결을 막아선 이 댐은 대전과 청원의 경계에 세워져 대청댐이라는 이름이 붙었다.
대청호반은 총 저수용량이 14억 9,000만 톤으로 대전과 청주, 천안을 비롯한 충청지역 및 군산 등 전북일부 지역에 생·공용수를 금강하류와 미호천 유역에 농업용수를 공급하고 있다. 또한 홍수조절에 따른 댐 하류 홍수피해 경감과 수력발전을 통한 청정에너지를 생산한다.   호젓한 길 위에서 수면에 일렁이는 물소리가 들려온다. 발걸음을 멈추고 잠시 눈 앞에 나타나는 호수의 풍경을 감상해본다. 워낙 큰 규모의 댐이라서 호수에 잠긴 산봉우리가 육지 속의 다도해 풍경이다. 데크길로 이어진 산책코스를 따라 조용히 사색을 즐기는 사람들의 모습도 호수와 어우러져 그대로가 한 폭의 수채화를 이루고 있다.
전국 3대 호수 중에 하나로 꼽히는 ‘대청호’는 그 둘레가 무려 500리나 된다. 굽이굽이 500리 가운데 대전 대덕구와 동구 지역을 지나는 구간에 조성된 것이 ‘대청호반길’이다. 다른 올레길과는 다르게 대청호반길은 대부분 평지를 걷기 때문에 큰 부담이 없는게 장점으로 가족들의 모습도 간간히 보인다. 더욱이 각 코스마다 주제가 있어 지루하 지 않게 둘러볼 수 있고 평화로이 산책을 즐기는 이들에게 사랑받을 만한 코스가 이어진다.
호수와 강, 산, 나무를 모두 끼고 주변에 무리지어 핀 갈대숲의 아름다움, 수면 위를 박차고 올라온 고사목의 고즈넉함, 호수를 방문한 한 쌍의 철새들의 신비로움이 어우러지는 풍경 속에 묻혀서 걷고 있노라니 때마침 시원한 바람이 불어와 이마의 땀을 씻어준다. 자전거나 차량을 이용해 데이트를 즐기기에도 좋은 드라이브 코스다.
특히, 식장산 인근에서 대청댐까지 연결되는 ‘국화향 연인 길’은 연인들의 데이트 코스로 각광을 받는다. 이러한 아름다움을 간직한 대청호는 지역 예술인들의 화실이 많고 국화축제가 열렸던 생태공원, 드라마 ‘슬픈연가’의 촬영지로도 유명하다. 그중에서도 환상적인 벚꽃으로 터널을 만들어내는 드라이브코스는 이성에게 사랑을 고백하게 만드는 신비로움을 전해준다. 또 여름엔 호수의푸른 물과 녹음이 어우러져 시원함을 더해주고 가을에는 억새의 쓸쓸함으로 사색을 유도하는 대청호. 물안개와 눈꽃이 조화를 이루며 한해의 아름다움을 마음껏 자랑한다.   주변에 볼거리도 많다. 대청호반 인근에 위치한 문의문화재단지, 대청호미술관,현암사, 작은 용굴, 청남대, 벌랏마을 등 많은 관광지가 위치해 있으며, 관광객 및 시민들에게 편안한 휴식공간과 볼거리를 제공하고있다. 그래서인지 아이들의 손을 잡고 멈추는 곳곳이 바로 현장학습공간, 자연생태학교가 된다.
대청호반 가는 길은 경부고속도로 신탄진나들목에서 나가 17번 국도를 타고 청주 쪽으로 가다 대청댐 팻말을 보고 32번 지방도로 우회전해 대청댐으로 간다.신탄진나들목에서 문의면 소재지까지 약 15㎞.어린 아이가 있다면, 호수의 풍경과 조형물이 어우러지는 대청댐광장에서 소풍놀이를 즐겨도 좋다.",무료,https://daejeontour.co.kr/upload/atch/tourspot/20220127094839284.jpg
계족산 황톳길,대전,대전 대덕구 장동 453-1,36.4055576,127.4429428,042-623-9909,"여행 전문기자들이 선정한 ‘다시 찾고 싶은 여행지 33선(2008년)’과 한국관광공사가 선정한 ‘5월에 꼭 가봐야 할 명소(2009년)’ ‘한국관광 100선(2014~2015년)’에 빛난 계족산 황톳길. 계족산(429m) 장동산림욕장에서 시작해 임도삼거리와 절고개를 거쳐 이현동 갈림길까지 총 14.5㎞를 맨발로 걷는 전국 최초의 건강여행길이다. 발은 신체 각 기관과 연결되어 있어 우리 몸의 축소판이라 불린다. 맨발로 계족산 황톳길을 걸으면 발바닥을 자극해 그에 상응하는 신체기관 건강을 유지하는 데 도움을 준다.   특히 혈액순환에 도움을 줘 체온이 상승하고 면역력이 강해져 질병을 예방할 수 있다. 2010년에는 유엔환경어린이회의에 참석한 100개국 500여 명의 외국 어린이들과 세이셸공화국 미셸 대통령이 맨발로 걷고 극찬한 곳이기도 하다. 매년 5월 둘째 주 주말(토·일)엔 계족산 맨발축제가 열린다. 맨발마라톤, 숲속 맨발걷기, 숲속음악회 등 다양한 프로그램이 준비되어 있어 국내는 물론 해외에서도 수많은 마니아들이 찾는 대전의 대표 힐링 축제다.",무료,https://daejeontour.co.kr/upload/atch/tourspot/20220127095749244.jpg
장태산자연휴양림,대전,대전 서구 장안로 461,36.2187201,127.3401569,042-270-7883,"하늘 높이 솟은 메타세콰이어가 아름다운 장태산 자연휴양림. 전국 최초로 민간인이 조성하고 운영한 휴양림은 2002년 대전시가 인수한 후 새롭게 리모델링을 거쳐 2006년에 재개장했다. 자연 상태의 장태산을 배경으로 평지에 밤나무·잣나무·은행나무·소나무· 두충 등의 나무와 미국에서 들여온 메타세콰이어·독일 가문비나무 등의 외래 수종을 계획적으로 심어 숲을 조성했다.   휴양림은 아름다운 숲을 찾아온 방문객을 위해 생태연못, 교과서식물원, 숲 속 어드벤처 등 여러 시설도 준비해 놓았다. 단연 최고의 인기는 ‘숲 속 어드벤처’. 그 안에는 메타세콰이어 숲과 눈높이를 맞추며 걸을 수 있도록 설치된 ‘스카이웨이’와 아름다운 휴양림 전경을 볼 수 있는 스카이타워가 있어 방문객이 많이 찾는 코스 중 하나다. 또한 휴양림이 마련한 숲해설프로그램인 ‘숲체험’은 단체뿐만 아니라 가족 단위의 방문객도 신청할 수 있다. 숙박시설인 숲속의 집과 여러 편의시설도 구비돼 있어 자연을 벗 삼아 하룻밤 머물며 추억을 쌓기도 좋다.",무료,https://daejeontour.co.kr/upload/atch/tourspot/20220127095955486.jpg
보문산 숲 치유센터,대전,대전 중구 보문산공원로 440,36.3086728,127.423158,042-270-7861,"보문산 대사근린공원 옛 그린랜드 사무실을 리모델링한 '보문산 숲 치유센터'는 연면적 996.6㎡에 지하1층, 지상 2층 규모로 건립됐다. 지하 1층에 운동시설, 지상 1층에 사무실, 허브찻집, 족욕체험실이 마련됐다. 또 지상 2층에 실내교육실, 명상·요가실 등을 배치하여 시민들이 편리하게 이용할 수 있다",무료,https://img4.daumcdn.net/thumb/R658x0.q70/?fname=https://t1.daumcdn.net/news/202308/06/daejonilbo/20230806203731666qwgx.jpg
성북동산림욕장,대전,대전 유성구 성북로 463,36.3153522,127.2775277,042-825-3807,성북동산림욕장은 성북동 새뜸마을 서쪽에 있으며. 방동저수지에서 서북쪽으로 3.9km지점으로서 국유림 108ha와 사유림 91ha에 조성된 산림욕장이다. 1995년부터 조성을 시작하여 1996년 4월에 문을 열었으며. 도시의 일상에서 벗어나 사색하고 가족과 함께 산책하기에 좋은 산림욕장이다,무료,https://mblogthumb-phinf.pstatic.net/MjAyMDA1MjZfMjYy/MDAxNTkwNDY2MjA3NTY0.AlpGYtO5Se01qqDI5LYWsi6LFQ2ESsNJ-cpa--uiRYYg.TCdjwGvBuesTpWYtm1keSleCEMZMAlKDMEsOlSxp6CEg.JPEG.yuseonggu/10.jpg?type=w800
만인산 자연휴양림,대전,대전 동구 산내로 106,36.1993479,127.4491007,042-280-5523,"만인산 자연휴양림은 대전광역시와 충남 금산군 경계로서 대전역에서 17번 국도 17㎞ 지점에 위치해 있다. 주봉인 만인산을 비롯하여 봉수레골, 큰배골, 작은배골 등으로 이루어져 있으며, 조선시대에는 산세가 수려하여 태조대왕과 왕자의 태를 모시기도 하였던 곳이다. 골짜기에는 항상 맑은 물이 흘러 내리고, 활엽수가 울창한 산림을 이루고 있는 도시근교 휴양림으로 자연능선을 이용 가족휴양지구, 청소년지구, 피크닉지구 등으로 나누어져 조성되어 있어 도시민들의 쾌적한 휴식처이다. 만인산휴게소는 1990년도에 민간자본으로 건축된 자연휴양림의 편의 시설로서 건축 당시 전혀 산림훼손을 하지 않고 자연계곡을 그대로 이용 하여 골짜기에 테크시설을 만들고 지상2층, 반지하 1층으로 건축되 었으며, 주골조는 철근콘크리트조로 주재료는 목재로 건축하고 휴게소 앞에는 연못을 조성하여 자연경관과 조화되도록 건축함으로써 전문가 들로부터 우리나라의 휴게소 건축물중 가장 아름답고 훌륭한 건축물 이라는 극찬을 받고 있으며, 지금은 시민들이 여가를 보내기 위하여 즐겨찾는 명소로 정착하고 있다. 곳곳에 휴식용 벤츠, 편안한 쉼터가 설치되어 있어 풍광을 느끼면서 휴식을 취할 수 있으며, 그 중에서도 특히 만인루각은 만인산의 상징적인 휴양 건축물이며, 루정(樓亭)의 대표적 인 건축물로서 이루각의 건축은 서울 북악산 기슭에 있는 세검정(洗劍亭) 건축양식을 취하되 주골조는 철근콘크리트조로 지붕은 목조 와가 2층으로 응용 건축하여 한국 고유의 전통 건축양식의 아름다움을 최대한 살리면서 유지관리를 고려하여 건축되었다.",무료,https://blog.kakaocdn.net/dn/CCQZq/btrFKHsL0x0/mNppWDp3gtAoQyA5GzjLIK/img.jpg
계족산,대전,대전 대덕구 산디로 79-70,36.3360816,127.3599243,042-623-9909,계족산은 대전시 대덕구와 동구 경계를 이루는 산이다. 한자 그대로 닭의 다리라는 뜻으로 산의 모양이 닭다리를 닮아 계족산이라고 부른다. 주능선에서 지능선들이 닭발처럼 뻗어나간다. 이산의 우측 끝 가양공원부터 장동 삼림욕장까지 넓은 산책로가 있어서 자전거를 타거나 산책하는 시민들이 많다. 계족산성을 빨리 편하게 가고 싶다면 장동산림욕장이나 산디마을쪽으로 가는 것이 좋다. 산책로로 구성되어 있어 데이트 코스로도 좋은 곳이다. 황토길로 만들어서 맨발로 산책해도 좋은 길이다. 쉼터 앞 정자에서 보이는 계단은 계족산성으로 가는 길인데 여기서부터는 산책로가 아닌 등산로이다. 험하지 않아서 많은 힘 들이지 않아도 등산이 가능하여 가족끼리의 등산코스로도 좋은 곳이다.,무료,https://tong.visitkorea.or.kr/cms/resource/30/1585930_image2_1.jpg
계명산자연휴양림,충청북도,충청북도 충주시 충주호수로 1170 (종민동),36.97931666,127.9950872,043-840-7930,"경상북도 안동시 길안면 계명산 자락에 자리 잡은 계명산자연휴양림은 소나무와 낙엽활엽수인 참나무가 조화롭게 어우러져 있는 조용하고 아늑한 분위기의 휴양림이다.
휴양림 내에는 숲속의 집, 산림휴양관, 복합산림휴양관 등 22개의 객실과 깊은 숲속에 위치한 산막 7동을 비롯하여 야영장, 족구장, 야외 물놀이장, 유아숲체험원 등의 시설이 갖추어져 있으며, 특히 여름에는 숲 속 야외 물놀이장에서 아이들과 함께 여유롭게 물놀이를 즐길 수 있다.
인근에는 드라마 '미스터 션샤인' 촬영지로 유명한 만휴정과 묵계서원, 용계은행나무, 지례예술촌, 천지갑산 등이 있으며 그 외에도 도산서원, 봉정사, 하회마을 등의 관광지가 있다.",무료,https://www.tourandong.com/_cs_/thumb.cshtml/tour/633/%EC%82%AC%EC%A7%841.jpg?crop=470x350
문성자연휴양림,충청북도,충청북도 충주시 노은면 우성1길 191,37.02832486,127.7525206,043-870-7910,"문성자연휴양림은 중부내륙고속도로 북충주 IC에서 4Km쯤에 위치한 자주봉산 안에 위치하여 숲속의 아늑한 정취를 포근히 느낄 수 있는 곳으로, 주변에 앙성온천과 살미, 수안보온천 등이 위치하고 있어 온천 체험을 할 수 있으며, 내륙의 바다 충주호, 탄금호의 풍부한 수자원을 이용한 수상체험으로 국토의 중심부에서 색다른 체험관광을 즐길 수 있다. 또한 탄금대, 중앙탑, 남한의 유일한 고구려 비석인 중원고구려비 등 삼국시대 유적을 돌아볼 수 있으며, 새로이 조성된 고구려 천문대에서 별자리도 감상할 수 있는 위치에 있어 가족과 직장동료, 학생들에게도 좋은 휴양지이다.",무료,https://image.foresttrip.go.kr/frip/94ed1e16-bc5c-4d5e-8885-b031991589cf.bmp
민주지산자연휴양림,충청북도,충청북도 영동군 용화면 휴양림길 60,36.05313318,127.8243884,043-740-3438,"민주지산 자연휴양림은 충청북도 최남단인 영동군 용화면 조동리에 자리하고 있으며, 충청 · 전라 · 경상도와 이웃하고 있다. 소백산맥 줄기에 분포하는 각호산(1,176m), 민주지산(1,241.7m) 등 주변의 명산에 둘러싸여 사계절 숲의 아름다움을 만끽할 수 있는, 태고의 신비를 간직한 자연 그대로의 휴양림이다. 해발 700m의 민주지산 휴양림은 인체에 가장 적합한 기압 상태로 생체리듬에 가장 좋다. 깨끗하게 정돈된 숙박시설, 철 따라 산행의 즐거움이 달라지는 등산로, 피톤치드 풍부한 산림욕장, 건강지압을 위한 맨발 숲길, 야간조명이 갖춰진 사방댐 분수는 일상에 지친 몸과 마음을 맑게 하기에 충분하다.
휴양림 관리도를 따라 조성된 산열매향수길은 고향의 향수를 느끼게 하고, 울창한 숲 속의 다양한 식생은 수목에 대한 해설이 있어 가족 단위나 학생들에게 자연학습의 좋은 기회를 제공하고 있다. 또 영동의 맑은 산수로 빚은 곶감, 포도, 사과, 배, 호도, 고로쇠수액, 표고, 산 약초 등 전국에서도 유명한 영동의 특산물을 만나보는 행복한 장소이기도 하다. 숙박시설은 홈페이지를 통해 예약할 수 있으며 야영장은 선착순으로 현장 방문 시에만 예약 가능하다.

민주지산 자연휴양림은 충청북도 최남단인 영동군 용화면 조동리에 자리하고 있으며, 충청 · 전라 · 경상도와 이웃하고 있다. 소백산맥 줄기에 분포하는 각호산(1,176m), 민주지산(1,241.7m) 등 주변의 명산에 둘러싸여 사계절 숲의 아름다움을 만끽할 수 있는, 태고의 신비를 간직한 자연 그대로의 휴양림이다. 해발 700m의 민주지산 휴양림은 인체에 가장 적합한 기압 상태로 생체리듬에 가장 좋다. 깨끗하게 정돈된 숙박시설, 철 따라 산행의 즐거움이 달라지는 등산로, 피톤치드 풍부한 산림욕장, 건강지압을 위한 맨발 숲길, 야간조명이 갖춰진 사방댐 분수는 일상에 지친 몸과 마음을 맑게 하기에 충분하다.
휴양림 관리도를 따라 조성된 산열매향수길은 고향의 향수를 느끼게 하고, 울창한 숲 속의 다양한 식생은 수목에 대한 해설이 있어 가족 단위나 학생들에게 자연학습의 좋은 기회를 제공하고 있다. 또 영동의 맑은 산수로 빚은 곶감, 포도, 사과, 배, 호도, 고로쇠수액, 표고, 산 약초 등 전국에서도 유명한 영동의 특산물을 만나보는 행복한 장소이기도 하다. 숙박시설은 홈페이지를 통해 예약할 수 있으며 야영장은 선착순으로 현장 방문 시에만 예약 가능하다.

민주지산 자연휴양림은 충청북도 최남단인 영동군 용화면 조동리에 자리하고 있으며, 충청 · 전라 · 경상도와 이웃하고 있다. 소백산맥 줄기에 분포하는 각호산(1,176m), 민주지산(1,241.7m) 등 주변의 명산에 둘러싸여 사계절 숲의 아름다움을 만끽할 수 있는, 태고의 신비를 간직한 자연 그대로의 휴양림이다. 해발 700m의 민주지산 휴양림은 인체에 가장 적합한 기압 상태로 생체리듬에 가장 좋다. 깨끗하게 정돈된 숙박시설, 철 따라 산행의 즐거움이 달라지는 등산로, 피톤치드 풍부한 산림욕장, 건강지압을 위한 맨발 숲길, 야간조명이 갖춰진 사방댐 분수는 일상에 지친 몸과 마음을 맑게 하기에 충분하다.",무료,https://image.foresttrip.go.kr/frip/efda127f-2f66-48ef-a574-8b1799893fe3.JPG
박달재자연휴양림,충청북도,충청북도 제천시 백운면 금봉로 228,37.14706386,128.0457749,043-652-0910,"* 울창한 숲과 기암괴석이 아름다운 곳, 박달재자연휴양림 *

“천둥산 박달재를 울고 넘는 우리 님아.”로 유명한 노래 “울고 넘는 박달재”로 유명한 곳, 박달재. 박달재는 경상도 선비 박달과 충청도 처녀 금봉의 애절한 사랑으로도 유명하다. 박달재 자연휴양림은 이렇듯 유서깊은 박달재 주변에 자리잡고 있다.

휴양림에는 100-170년생 소나무 및 잡목, 울창한 성림 등의 기암괴석과 조화를 이루는 수려한 자연경관을 이용하여 개발되었다. 그리고 울창한 숲이 기암괴석과 조화를 이르고 있고 특히 경은사(도덕암) 절벽에 자라는 소나무의 모습은 아름다운 풍경과 함께 고결함을 느끼게 하며 한 폭의 동양화를 방불케 한다. 박달재 고개마루에는 팔각정과 옹달샘, 휴게소, 소공원이 조성되어 있다.

* 박달재자연휴양림을 제대로 즐기려면? *

박달재자연휴양림은 계곡에서 흐르는 맑은 물은 특히 여름철에도 손이 시릴 정도로 차가와 더위를 식히려는 많은 피서객들이 찾고 있다. 하지만 휴양림을 제대로 즐기려면 주변의 다양한 자연경관을 즐기는 것이 좋다. 산 정상의 전망대에 오르면 백운산, 구학산 등 크고 작은 준봉들이 산해를 이루고 20km 지점의 제천시까지 한눈에 내려다 볼 수 있다. 산정의 옹달샘약수는 속세의 모든것을 씻어 주듯이 시원하다. 휴양림 동쪽 6km 지점에 천주교 배론성지가 있어 산행과 성지순례를 함께 할 수 있다. ",무료,https://blog.kakaocdn.net/dn/ciSCae/btrGY1C3QzW/qZhxvk3KXgJPbDiA9MraK0/img.jpg
백야자연휴양림,충청북도,충청북도 음성군 금왕읍 백야로 461-97,36.95683951,127.6096488,043-878-2556,"백야자연휴양림 오토캠핑장은 충북 음성군 금왕읍에 있다. 음성군청을 기점으로 17㎞가량 떨어졌다. 자동차를 타고 생음대로, 음성로, 백야로를 이어 달리면 닿는다. 도착까지 걸리는 시간은 25분 안팎이다. 이곳은 음성의 대표 관광지로 손꼽히는 백야자연휴양림에 터를 잡았다. 숲이 잘 가꿔져 있어서 자연친화적인 캠핑을 즐길 수 있다. 수목원, 수영장, 운동시설 등 부대시설이 다채로워 캠핑 외에 즐길거리가 많다. 캠핑장에는 일반 야영장 7면을 마련했다. 바닥은 모두 자갈로 이뤄졌으며, 사이트 크기는 가로 7m 세로 8m로 널찍하다. 트레일러와 카라반 동반 입장이 가능하다는 것도 장점 가운데 하나다. 평일 주말 모두 운영하지만, 매년 11월부터 이듬해 3월까지 휴장한다. 금왕 공설운동장 방면으로 나가면 여러 종류의 다양한 음식점이 있는 것도 장점이다.",무료,https://gocamping.or.kr/upload/camp/1272/thumb/thumb_1000_96940lp2t7ZmKkDts28E6ism.jpg
봉황자연휴양림,충청북도,충청북도 충주시 중앙탑면 수룡봉황길 540,37.05652102,127.8297473,043-870-7920,"봉황자연휴양림 숲속야영장은 충북 충주시 중앙탑면 봉황리에 자리 잡았다. 충주시청을 기점으로 15km가량 떨어졌다. 자동차를 타고 탄금대로와 묘곡내동길을 번갈아 달리면 닿는다. 도착까지 걸리는 시간은 20분 안팎이다. 캠핑장에는 데크로 이뤄진 일반캠핑 사이트 5면과 카라반 6대가 마련돼 있다. 카라반 내부에는 개수대, 화장실, 조리도구, 침대 등 일상생활이 가능한 수준의 시설이 완비돼 있다. 캠핑장이 봉황자연휴양림 내부에 있으므로 산책로 등 휴양림의 부대시설을 이용해보는 것도 좋겠다.
※ 반려견 동반 불가능",무료,https://image.foresttrip.go.kr/frip/585816a0-707a-4b45-90b2-0a95ec1477ac.jpg
생거진천자연휴양림,충청북도,충청북도 진천군 백곡면 명암길 435-135,36.92399781,127.390234,043-539-3552,"생거진천 자연휴양림은 수려한 경관을 지닌 진천군 백곡면 명암리 무제산 일원에 자리 잡고 있다. 자연생태계를 유지 보전하면서 산에서 경험할 수 있는 건강한 휴양 활동을 제공한다. 산림이 가지고 있는 자원을 이용하여 다양한 휴식과 체험 공간, 자연 학습과 산림 교육의 장소로 이용되고 있다. 휴양림에서는 숲 해설과 유아 숲체험 프로그램을 운영하고 있다.",무료,https://image.foresttrip.go.kr/ino/goods/b388c22e-40ae-43bd-ab89-4eb98aad94b0.jpg
성불산자연휴양림,충청북도,충청북도 괴산군 괴산읍 충민로기곡길 78,36.80794799,127.8463,043-830-2679,"괴산읍에 위치한 성불산자연휴양림은 생태휴양 여행의 길라잡이라 할 수 있다. 성불산(成佛山)은 오래전 산 위에 부처를 닮은 불상이 있었다고 해서 그 이름이 유래한다. 여느 등산객들에게는 이름도 낯선, 해발 520m의 비교적 작은 산이지만 그 산만이 가지고 있는 풍경과 풍채는 다른 큰 산과 견줘도 결코 부족함이 없다. 암봉만 해도 무려 십여 개에 가깝고 능선을 타면서 바라보는 이 일대 자연경관은 성불산이 괴산에서 결코 빠질 수 없는 명산임을 실감하게 한다. 성불산의 여러 등산 코스 중 성불산자연휴양림 코스는 읍내에서도 진입하기에 수월해 많은 사람들이 애용한다.",무료,https://www.goesan.go.kr/DATA/tour/info/634/CAB9EEE3-5658-187D-BFFC-2C4E07597534.jpg
소백산자연휴양림,충청북도,충청북도 단양군 영춘면 하리방터길 180,37.06126424,128.4678947,043-423-3117,"고구려 온달장군 설화가 깃든 온달산성과 천태종 총본산 구인사가 위치한 단양군 영춘면 하리 산62번지에 위치하고 있으며, 260ha에 이르는 군유림의 풍부한 산림자원을 활용하여 3개소에 소백산 화전민촌 화전민가 9동, 소백산 자연휴양림 산림문화휴양관 2동 15실, 숲속의 집 10동, 정감록명당 체험마을 15동 등 모두 49동에 이르는 산림휴양 시설을 조성하였으며, 소백산 화전민촌과 정감록 주변 산림에 임도를 활용한 숲속 탐방로와 소백산 자락길 6구간 등이 조성되어 풍부한 산림에서 산림욕과 숲속 트레킹을 통해 맑은 공기를 호흡하고 접촉하면서 산책 및 체력단련이 가능한 곳입니다.",무료,https://image.newsis.com/2021/11/04/NISI20211104_0000861993_web.jpg
소선암자연휴양림,충청북도,충청북도 단양군 단성면 대잠2길 15,36.91922041,128.3123141,043-422-7839,"이곳은 빼어난 풍광의 선암계곡이 있는 두악산 자락에 자리잡은 자연 휴식처로 매년 많은 방문객이 찾는 힐링 명소이다. 단양 IC에서 승용차로 10분 정도 거리로 59 국도변에 위치해 있다. 총면적은 67만m²에 이르고, 500명에서 최대 1,000명까지의 인원을 수용할 수 있는 규모이다.
숙박시설로는 숲속의 집 11개, 휴양관 5개과 산림복합휴양관 22개, 통나무집 7개가 있다. 부대 시설로는 온열테라피와 회의실, 식당, 목재체험관이 있으며, 온열테라피는 동절기에 한하여 하루 세 번 운영한다. 체험 프로그램으로는 목재체험관에서 이루어지는 꽃병 만들기, 플레이팅 도마, 소품 거치대, 핸드폰 스피커 만들기 등의 나무를 재료로 한 만들기 체험이 있다.
휴양림 앞으로는 계곡물이 흘러 여름철에는 자연 물놀이장으로 이용할 수 있으며 봄에는 철쭉, 가을에는 단풍의 절경을 감상하며 지친 일상의 피로를 풀며 휴식을 취하기에 좋다. 하류 부근에는 단양팔경인 상선암, 중선암, 하선암이 있으며 이 곳을 따라 선암골 생태유람길이 지나간다. 인근에 충주호, 사인암, 두악산, 도락산, 제비봉 등 많은 관광지와 명산 등이 있어 함께 둘러볼 것을 추천한다.",무료,https://image.foresttrip.go.kr/frip/95bbc995-8f85-4cd3-ad14-89cadea902da.JPG
속리산숲체험휴양마을,충청북도,충청북도 보은군 속리산면 속리산로 596,36.49245442,127.792472,043-540-3220,"백두대간 속리산 깊은 산골, 세속의 시름을 씻는 휴양의 명소인 속리산 숲체험휴양마을은 충청북도 보은군 속리산(俗離山) 자락인 충북 보은군에 위치하고 있다. 속리산은 조선시대 왕들이 심신을 다스리던 곳이다. 속리산의 아름드리 소나무 숲 속 대자연에서 휴식을 취하고 심신 수양 및 건강을 도모하는 자연치유 공간으로서 숲에서 다양한 체험활동을 통해 삶의 여유를 찾고 자아에 대한 사랑과 자연에 대한 소중함을 찾을 수 있다. 숙박시설 및 각종 부대시설을 이용할 수 있으며, 여름철엔 수영장도 이용이 가능하다. 휴양마을 내 식당을 운영하고 있으므로 객실 내·외 취사 및 바비큐는 금지하고 있다.",무료,https://image.foresttrip.go.kr/frip/3044d673-5230-444e-8e27-162b1777af66.JPG
수레의산자연휴양림,충청북도,충청북도 음성군 생극면 차생로 310-108,37.03888889,127.6513842,043-878-2013,"수레의산 자연휴양림은 조선시대 정승 양촌 권근 묘지의 전설이 전해오는 전설의 샘과 상여 바위, 병풍바위 등 특이 지형지물이 있는 곳이다. 병풍바위에서는 수레의 산을 앞, 뒤로 시원하게 조망할 수 있다. 산 능선부의 철쭉과 진달래가 꽃을 피우며 다양한 참나무 숲으로 이루어져 있어 맑은 공기와 자연의 향기를 느낄 수 있다.
푸른 자연 속에서 자유를 만끽하며 가족, 친구들과 함께 좋은 추억을 만들 수 있는 공간으로, 숙박과 야영뿐만 아니라 산책길이 잘 정비되어 산행 및 나들이 공간으로도 찾기 좋은 곳이다. 산이 아름답고 경치가 좋아 많은 등산객들이 방문하고 있다. 휴양림 인근에는 철박물관, 권근 3대 묘소, 심당짚공예연구소 등이 있다.",무료,https://mblogthumb-phinf.pstatic.net/MjAxOTAzMTJfOTQg/MDAxNTUyMzkzNjc3MTk1.g65EHj7YVhvrjTdmUXtZp8tQZgRs7wQcNS2vvE_mGMYg.1p3J7S1u_10REK-P3J9jzFyLlHepiiO9CO9xsswlxzwg.PNG.ddabunhe/%EC%BA%A1%EC%B2%98.PNG?type=w800
옥화자연휴양림,충청북도,충청북도 청주시 상당구 미원면 운암옥화길 140,36.59894867,127.6943726,043-270-7381,"청주권의 대표적인 청정지역이며 여름휴양지인 옥화9경일대의 산 136ha에 조성된 옥화자연휴양림에는 숙박이 가능한 여러 형태의 산막과 야영장,물놀이장, 체육시설이 갖춰져 있으며, 울창한 숲속에서 삼림욕을 즐길 수 있는 오솔길과 등산로가 잘 꾸며져 있다.",무료,https://mblogthumb-phinf.pstatic.net/MjAxOTA1MTlfMTQ0/MDAxNTU4MjQ5NzQ4NDg0.U1-b03Wju4CdnnV72jk4e5hMbDGN1NtpdXhZNcUAsBwg.V4WReltg9OBOTWSG885NJ9J1h_UbjqDsAo1uNXkNyGQg.JPEG.ddabunhe/P1220275t.JPG?type=w800
장령산자연휴양림,충청북도,충청북도 옥천군 군서면 장령산로 519,36.24572109,127.5529909,043-730-3491,"해발 656m의 장령산은 자연경관이 수려하고 아름답기로 소문난 산으로 소나무, 단풍나무, 활엽수가 자생하고 있으며 가을단풍이 아름답다. 휴양림을 관통하는 금천 계곡은 맑고 깨끗하며 특히 계곡 물놀이장은 여름에 휴식공간으로는 최적지이다.
장령산에 위치한 용암사는 신라 진흥왕 13년에 의신 조사가 이곳의 산세를 보고 신비함에 감탄, 사찰을 창건하였다는 유래가 있다. 용암사에는 충청북도 유형문화재 제3호인 쌍석탑과 제8호인 여래입상마애불이 있다",무료,https://www.newskr.kr/news/photo/202110/72634_59094_2927.jpg
조령산자연휴양림,충청북도,충청북도 괴산군 연풍면 새재로 1795,36.81234007,128.0462421,043-833-7994," 조령산 자연 휴양림은 수안보 온천 관광지에서 불과 10여분 거리에 떨어진 충북 괴산군 연풍면, 문경새재 삼관문 아래 우거진 수림 속에 위치하고 있습니다.
통나무집,야영장,캠프파이어장,눈썰매장 등등을 두루 갖추어 하루 1600여명 이상의 수용능력을 갖춘 가족 및 문경새재 관광객들의 휴식처로 각광을 받고 있습니다.
휴양림 산 기슭 위로는 신선봉(967m) 과 마폐봉(927m), 그리고 깃대봉(835m)등등의 암봉들이 기암절벽을 뽐내며 우두커니 서있고 산 아래로 문경새재길이 굽이굽이 내려가며 그야말로 천혜의 절경지이자 문화유적지인 곳입니다.
휴양림에서 시원한 계곡을 따라 내려가면 괴산 국민관광지이며 그 아래로 시원한 수옥폭포가 자리잡고 있습니다.",무료,https://image.foresttrip.go.kr/ino/goods/4bac3b2c-dff7-49ef-b879-3cee9a4103e2.jpg
좌구산자연휴양림,충청북도,충청북도 증평군 증평읍 솟점말길 107,36.70556804,127.6511206,043-835-4552,"증평 좌구산 자연휴양림은 한남금북정맥 최고봉 좌구산 자락에 자리 잡고 있다. 예부터 행복과 장수를 상징하는 거북이가 앉아있는 형상인 좌구산은 휴양을 목적으로 하는 휴양림과 매우 잘 어울린다고 볼 수 있다. 이곳은 숙박을 목적으로 하지 않아도 숲 명상의 집, 명상 구름다리, 좌구산 천문대가 있어 다양한 체험을 할 수 있어 당일 여행지로도 적합한 곳이다.
좌구산 숲 명상의 집은 산림 치유 프로그램, 숲 해설, 유아 숲 프로그램 등을 운영하고 있어 아이들과 오기도 좋은 곳이다. 또한 좌구산 줄타기, 좌구산 썰매장, 숲속 모험시설이 있어 산림 레포츠를 즐길 수 있다. 가까운 곳에 있는 삼기저수지는 안개 낀 날에 좌구산과 함께 운치를 더한다. 휴양림을 중심으로 휴양촌, 삼기저수지, MTB 코스, 등산로 등의 시설들이 연계되어 있어 문화 체험, 심신 단련, 휴양을 한 번에 체험할 수 있는 종합 휴양관광지이다.",무료,https://image.foresttrip.go.kr/frip/e5a210c8-f412-4f5b-8c6e-38783ca2d987.JPG
충북알프스자연휴양림,충청북도,충청북도 보은군 산외면 속리산로 1880,36.57319231,127.7858736,043-543-1472,"보은은 국토의 중앙부에 위치한다. 속리산을 위시해 충북의 북쪽을 동서로 가르는 백두대간의 한남금북정맥이 지난다. 그 지맥은 다시 구병산 자락으로 뻗어가며 보은군의 동쪽 산세를 이룬다. 충북 일대에서 소문난 풍경으로 ‘충북알프스’라는 이름이 붙었다. 특허청에 업무 표장 등록을 했으니 애칭이 아니라 공식 명칭이다. 총 4개 구간 43.9km로 형제봉, 천왕봉, 비로봉, 문장대 등 속리산과 구병산의 아홉 개 봉우리를 아우른다. 구간별로 산행에 4~8시간이 걸린다.",무료,https://cdn.visitkorea.or.kr/img/call?cmd=VIEW&id=2c5429f0-f20a-496a-babd-6741c41f419b
태학산자연휴양림,충청남도, 충청남도 천안시 동남구 풍세면 돈마루1길 188,36.728045,127.0917015,0507-1315-5108,"풍세면 삼태리와 광덕면 매당리, 아산시 배방읍 수철리의 경계 태학산(해발 450m)에 있는 자연휴양림이다. 학이 춤을 추는 형태로 생겼다 하여 태학산이라고 이름 붙여진 곳으로 많은 종류의 자생화와 수목이 분포되어 있고, 특히 소나무가 집단으로 자라고 있으며 가족 단위 휴양에 적당하다.
주요시설로는 숙박시설인 숲속의집과 야영시설인 오토캠핑장, 어린이 놀이시설이 있고, 3개 코스의 등산로와 유아숲체험원, 주차장 등이 있다.
태학산 정상에는 고려시대 불상 양식을 단적으로 보여주는 거대한 천안 삼태리 마애여래입상(보물 4)이 있다.",없음,https://cdn.visitkorea.or.kr/img/call?cmd=VIEW&id=8f3b68b8-e805-42b2-acf7-12c12be97bcb
공주산림휴양마을,충청남도, 충청남도 공주시 수원지공원길 222,36.4234699,127.118359,041-855-0855,충청남도 공주시의 금학동과 주미동의 경계부에 있는 주미산에 위치한 공주산림휴양마을은 울창한 산림속에 다양한 산림휴양시설을 갖추고 자연속에서 여유로운 휴식을 취할 수 있는 장소로 숙박시설 및 숲체험 등 다양한 관광거리를 제공하고 있다.,무료,https://cdn.visitkorea.or.kr/img/call?cmd=VIEW&id=4b5fcba1-5c6e-4897-b82a-658d40be5824
금산산림문화타운,충청남도,금산군 남이면 느티골길 200,36.0669541,127.3687011,041-750-3434,금산군 남이면 느티골길 200,"입장료 일반인 개인 기준 1인 1,500원, 야영데크 주간용 5,000원, 숙박데크 10,000원",https://www.geumsan.go.kr/tour/img/sub02/sub020605_img01.jpg
진산자연휴양림,충청남도,충남 금산군 진산면 묵산리 87-13,36.1227778,127.3444444,041-752-4138,"대둔산자연휴양림은 충남 금산군 대둔산 동쪽 자락에 위치한 자연휴양림이다. 계곡이 깊고 산봉우리가 웅장하며 천연활엽수림과 산 중턱 이하의 인공조림지가 자연과 인공의 조화가 잘 이루고 있는 지역이다. 숙박시설은 한국관과 핀란드관으로 나누어 운영하고, 자연표고버섯재배지, 세미나룸, 고르비광장, 야외수영장, 통나무찻집, 축구장, 산책로, 숲속식당, 야외바베큐장 등의 시설을 갖추고 있다. 이곳은 소련의 마지막 지도자 고르바초프가 묵었던 곳으로도 알려져 있다. 대둔산자연휴양림은 국도 17호선 대둔산휴게소를 통해 접근할 수 있으며, 고속도로는 통영대전고속도로, 대중교통은 대둔산공용버스터미널을 이용하여 방문할 수 있다. 휴양림 주변에는 대둔산도립공원, 태고사, 금산이치대첩비 등이 있어 같이 둘러보기 좋다.",없음,https://mblogthumb-phinf.pstatic.net/MjAyMjA3MDVfNjIg/MDAxNjU2OTg1MTA0MDE2.i0dIdTiq0jnLzB-PIzZI_Mhv-ad7NLlbyg0z-eAB9qgg.NlaGHt1vmlzHYkTBmv1KCP5VYi9nFp928rZUK6rkfaog.JPEG.rizmam/20220703%EF%BC%BF133250.jpg?type=w800
심천치유자연휴양림,충청남도,충청남도 금산군 남일면 신동길 239-123,35.9970534,127.4824412,041-752-8300,"심천치유휴양림은 충남 금산군 남일면 신동길 239의 인삼, 약초의 고장이면서 청풍명월로 유명한 곳이며 휴식기능과 자연 치유기능을 병행 할 수 있는 곳이다. 해발 600m의 높이에 면적 106만평으로 토종소나무, 야생화, 약용식물과 어우러진 자연폭포와 맑은 계곡에는 가재, 다슬기, 빙어, 송사리, 개구리, 미꾸라지, 도룡뇽, 등이 서식하는 곳으로 사계절 계절별 테마가 있는 청정 자연치유 휴양림이다.",없음,https://gocamping.or.kr/upload/camp/100257/thumb/thumb_1000_4041nD7NvsPMjWDwN0JNWeYk.jpg
만수산자연휴양림,충청남도,충청남도 부여군 외산면 휴양로 107,36.3383091,126.7111345,041-832-6561,"부여 외산 만수산 자연휴양림은 지난 92년에 개장해 원시 산림에 다양한 휴양시설을 두루 갖췄다. 만수산 자연휴양림은 차령산맥 끝부분에 자리하고 있으며 해발 575m의 만수산에 위치해 산세가 연꽃처럼 여덟계곡으로 형성되어 경관이 수려하고 노송과 천연림이 조화를 이룬 절경에 각종 야생 조수가 서식하는 곳으로 널리 알려져 있다. 만수산에는 세조의 왕위찬탈에 격분하여 명산대천을 떠돌던 매월당 김시습선생이 말년을 보낸 무량사와 노송 숲사이로 쉴 곳을 마련한 자연휴양림이 있다. 휴양림 노송사이에서 산림욕을 즐기로라면 세상사의 근심이 언제 있었냐는 듯 상쾌한 솔내음이 온몸으로 퍼져나가는 기분을 만끽 할 수 있고, 눈과 어우러진 휴양림의 절경이 한눈에 들어온다 아름다운 소나무 숲과 맑은 계곡사이에 숲속의 집과 산림문화휴양관, 야외교육.공연장, 민속마당, 자연탐방로 등 각종 편의 시설이 잘 갖춰진 자연휴양림으로 자연의 정취를 만끽 할 수 있으며 평일과 휴일을 맞아 가족과 단체 여행객이 휴식을 즐기고 있다.
아울러, 휴양림 인근에는 고려시대 지어진 중층구조의 대웅전과 김시습 선생의 숨결이 살아있는 천년고찰 무량사와 여름철 휴양지로 각광받고 있는 수리바위계곡 등 문화탐방과 휴양을 동시에 할 수 있어 찾는 사람들로부터 인기를 더해가고 있다.",일반1200+청소년900+군인900+어린이600,https://cdn.visitkorea.or.kr/img/call?cmd=VIEW&id=002e1cc3-4611-4fd6-aa49-43c3eee90df0
금강자연휴양림,충청남도, 세종특별자치시 금남면 산림박물관길 110,36.4339922,127.2271433,041-635-7400,"금강 자연휴양림 야영장은 세종특별자치시 금남면 금강 자연휴양림 내에 자리했다. 사이트는 잔디 사이트 12면, 나무 데크 8면으로 이뤄졌다. 그 위쪽엔 목재로 만든 캐러밴 5동이 위치해 있다. 각 사이트에서 전기 사용이 가능하며, 공용 시설로는 남녀 화장실 각 1개소, 남녀 샤워실 각 1개소, 개수대 2개소, 대형 공용주차장이 있다. 야영장은 휴양림과 산책로로 연결되어 있어 산림 박물관, 열대온실, 동물마을 및 휴양림과 수목원 전체를 돌아볼 수 있으며, 야영장 예약 시 입장료와 주차료를 별도로 지불해야 한다.
인근에 공주 공산성, 국립 공주 박물관, 공주 민속극 박물관, 동학사(東鶴寺) 등 유명 관광지가 즐비해 연계 관광이 용이하다. 야영장이나 휴양림 내에는 매점이 없으므로 필요한 물품은 미리 준비해야 한다. 공주 시내로 가는 금강변에 다양한 식당이 있다.",1500원,https://cdn.visitkorea.or.kr/img/call?cmd=VIEW&id=292b9608-0a62-43e3-97f9-3301cbd61d70
용봉산자연휴양림,충청남도,충청남도 홍성군 홍북읍 용봉산2길 87,36.6443924,126.6573456,041-630-1785,"용봉산은 해발 381m로 야트막하고, 기슭에 자연휴양림이 있어 가족 단위 여행객에게 인기다. 아이들이 숲에서 마음껏 뛰고 만지고 보고 체험하며 자연과 교감할 수 있는 자연 체험 공간도 갖췄다. 휴양림 입구 산림전시관에는 홍성의 역사와 문화, 용봉산의 민속과 전설, 용봉산에서 자라는 나무 등을 한눈에 볼 수 있는 자료를 전시한다. 충남 최장거리 도보 트레일로 역사와 문화가 함께하는 내포문화숲길의 일부 구간이 용봉산을 지난다.",개인 일반 1000+청소년·군인 800+어린이 400+단체 일반 800 +청소년·군인 600 +어린이 200,https://cdn.visitkorea.or.kr/img/call?cmd=VIEW&id=2c4ddd46-7569-42ca-a7e9-ffaa615313bc
성주산자연휴양림,충청남도, 충청남도 보령시 성주면 화장골길 57-228,36.3347068,126.6639779, 041-934-7133,"성주산자연휴양림은 보령시 동쪽에 솟은 성주산(676.7m) 자락에 위치해 있으며, 산림청에서 폐광 지역을 개발하여 휴양림으로 조성한 곳이다. 이곳에는 숲속의 집(숙박시설)과 물놀이장, 야영장 등의 시설들이 마련되어 있다. 봄에는 벚꽃 등 온갖 야생화가 만발하고, 여름에는 피서를 즐길 수 있으며, 가을에는 단풍을 즐기고, 겨울에는 눈꽃이 피는 등 사계절 내내 즐길 거리가 있다. 산책코스를 따라 휴양림 이곳저곳을 둘러보며 여유 있게 산림욕을 즐겨도 좋고 등산을 좋아하는 여행객이라면 전망대에 올라보는 것도 괜찮다.
4월에서 11월에 운영하는 숲해설 프로그램에 참여하면 꽃, 나무, 열매, 단풍, 초화류 등을 주제로 한 숲 이야기를 듣고 탐방로 등 관람 및 체험 안내를 받을 수 있다.
성주산자연휴양림은 국도 40호선에서 화장골길을 통해 접근할 수 있으며, 서해안고속도로 대천IC, 무창포IC와 서천공주고속도로 서부여IC가 가깝다. 주변에는 성주산 외에 옥마산, 보령무궁화수목원, 보령석탄박물관, 보령시청소년수련관, 성주면 소재지 등이 있다.",성인1000원 청소년/군인800원 어린이400원,https://cdn.visitkorea.or.kr/img/call?cmd=VIEW&id=cac0a0c4-d19e-4f59-9937-8d995eec5c32
안면도자연휴양림,충청남도,충청남도 태안군 안면읍 안면대로 3195-6,36.4974942,126.3602141,041-674-5019,"충남 태안 안면도자연휴양림은 소나무뿐만 아니라 중부지방의 다양한 야생화를 볼 수 있는 곳이다. 소나무 아래마다, 탐방로 길섶마다 작고 예쁜 야생화가 핀다. 안면도자연휴양림은 크게 휴양림 구역과 수목원 구역으로 나뉘는데, 야생화가 비교적 많은 곳은 수목원 구역이다. 아산정원, 목련원, 야생화원, 생태습지원 등 각종 테마 정원을 둘러봐도 좋지만, 입구에서 왼쪽으로 난 편백 숲길을 따라 걸으며 야생화와 눈 맞추는 재미도 쏠쏠하다. 닭의장풀을 비롯해 꽃며느리밥풀, 벌개미취, 까실쑥부쟁이, 쥐꼬리망초, 꽃범의꼬리, 산박하 등을 볼 수 있다.",일반 1000원+청소년 800원 +군인 800원 + 어린이 400원,https://cdn.visitkorea.or.kr/img/call?cmd=VIEW&id=9a583e13-957d-463f-ae3a-a9e2d63bb765
칠갑산자연휴양림,충청남도, 충청남도 청양군 대치면 칠갑산로 668-103,36.4323221,126.844079, 041-940-2428,"칠갑산자연휴양림은 73㏊의 울창한 천연림의 아름다운 경관을 살려 1990년도에 조성하여 1993. 9. 12일에 준공했다.
숲속의집 13동 (84여명 수용), 산림문화휴양관 2층 건물 24동(108여명수용), 원두막 4동, 야영장 야영데크 20개, (80여명 수용), 강의실 1동(150명수용), 대피소 1동, 벤치 35개, 잔디광장, 산책로, 체력단련시설, 물놀이장 2개소, 주차장 2개소 (100대) 등 각종 편의시설을 갖추고 있다. 가족이 함께할 수 있는 휴양공간으로 어린이를 위한 자연학습장과 각종 행사를 할 수 있는 잔디공원도 있어 가족단위나 단체행사에 최적의 조건을 갖추고 있는곳이다.
또한 주변에 있는 칠갑호 저수지에 물이 차게 되면 물과 산이 어우러져 경관이 수려한 최상의 자연휴양림으로 각광을 받고 있는 곳이다.",개인 일반 1000원 +개인 청소년·군인 800원+개인 어린이 500원+단체 일반 800원+단체 청소년·군인 600원+단체 어린이 300원 + 청양 부여 공주 군(시)민 무료,https://cdn.visitkorea.or.kr/img/call?cmd=VIEW&id=94d2ea97-92f8-4512-b27b-4d8802c49742
국립희리산해송자연휴양림,충청남도, 충청남도 서천군 종천면 희리산길 206,36.112604,126.664125,041-953-2230,"서천군에 자리한 희리산해송자연휴양림은 삼림욕과 등산, 캠핑이 모두 가능한 곳이다. 가족이나 연인, 친구와 함께 머물다 오기에 좋다. 가기 전에 장을 봐야 하는데, 서천 읍내에 있는 서천특화시장으로 가면 된다. 바다와 접한 서천의 특성상 넉넉한 식재료를 구할 수 있고, 휴양림까지 차로 10여 분이면 도착하기 때문에 편리하게 이용할 수 있다.",개인 어른 1000원 청소년600원 어린이300원단체 어른 800원 청소년500원 어린이200원,https://cdn.visitkorea.or.kr/img/call?cmd=VIEW&id=b9f32b44-829f-4bd6-9343-43f2c1ddfc53
양촌자연휴양림,충청남도, 충청남도 논산시 양촌면 매죽헌로1723번길 176-23,36.1583741,127.2481732,041-746-6481,"양촌자연휴양림은 깨끗한 자연환경을 간직한 산림욕장인 동시에 휴양림이다. 숲에서 특별한 체험을 즐길 수 있는 곳으로 숲 속 휴양관, 숲 속의 집, 글램핑장, 물놀이 시설, 등산로, 원두막 등을 갖추고 있다. 글램핑장은 건축미가 돋보이는 건물로 이뤄져 있고 숲 속의 집은 26㎡부터 74㎡까지 인원수에 따라 다양한 크기로 준비돼 있다. 산책로와 유아 숲 체험 시설이 잘 돼 있어 가족 나들이로 적합하고 예약은 숲나들e 홈페이지를 통해서만 가능하다. 휴양림 주변에는 대둔산 수락계곡, 유네스코 세게 문화유산으로 등재된 돈암서원 등등이 있어 연계 관광에 나서기도 수월하다.

상세정보
양촌자연휴양림은 깨끗한 자연환경을 간직한 산림욕장인 동시에 휴양림이다. 숲에서 특별한 체험을 즐길 수 있는 곳으로 숲 속 휴양관, 숲 속의 집, 글램핑장, 물놀이 시설, 등산로, 원두막 등을 갖추고 있다. 글램핑장은 건축미가 돋보이는 건물로 이뤄져 있고 숲 속의 집은 26㎡부터 74㎡까지 인원수에 따라 다양한 크기로 준비돼 있다. 산책로와 유아 숲 체험 시설이 잘 돼 있어 가족 나들이로 적합하고 예약은 숲나들e 홈페이지를 통해서만 가능하다. 휴양림 주변에는 대둔산 수락계곡, 유네스코 세게 문화유산으로 등재된 돈암서원 등등이 있어 연계 관광에 나서기도 수월하다.

상세정보
양촌자연휴양림은 깨끗한 자연환경을 간직한 산림욕장인 동시에 휴양림이다. 숲에서 특별한 체험을 즐길 수 있는 곳으로 숲 속 휴양관, 숲 속의 집, 글램핑장, 물놀이 시설, 등산로, 원두막 등을 갖추고 있다. 글램핑장은 건축미가 돋보이는 건물로 이뤄져 있고 숲 속의 집은 26㎡부터 74㎡까지 인원수에 따라 다양한 크기로 준비돼 있다. 산책로와 유아 숲 체험 시설이 잘 돼 있어 가족 나들이로 적합하고 예약은 숲나들e 홈페이지를 통해서만 가능하다. 휴양림 주변에는 대둔산 수락계곡, 유네스코 세게 문화유산으로 등재된 돈암서원 등등이 있어 연계 관광에 나서기도 수월하다.

상세정보
양촌자연휴양림은 깨끗한 자연환경을 간직한 산림욕장인 동시에 휴양림이다. 숲에서 특별한 체험을 즐길 수 있는 곳으로 숲 속 휴양관, 숲 속의 집, 글램핑장, 물놀이 시설, 등산로, 원두막 등을 갖추고 있다. 글램핑장은 건축미가 돋보이는 건물로 이뤄져 있고 숲 속의 집은 26㎡부터 74㎡까지 인원수에 따라 다양한 크기로 준비돼 있다. 산책로와 유아 숲 체험 시설이 잘 돼 있어 가족 나들이로 적합하고 예약은 숲나들e 홈페이지를 통해서만 가능하다. 휴양림 주변에는 대둔산 수락계곡, 유네스코 세게 문화유산으로 등재된 돈암서원 등등이 있어 연계 관광에 나서기도 수월하다.",(일반)1000원+(단체)800원,https://cdn.visitkorea.or.kr/img/call?cmd=VIEW&id=04c1aa4d-4118-42fb-816d-6fec8aeb4f70
영인산자연휴양림,충청남도,충청남도 아산시 영인면 아산온천로 16-26,36.8402934,126.9513585,041-538-1958~9,"충남 서북부 지역에 위치한 영인산은 예로부터 산이 영험하다 하여 영인산(靈仁山)이라 부르고 있고 정상에 백제 초기의 석성으로 추정되는 영인 산성이 위치하고 있으며, 청일 전쟁 등 전적이 있는 전략적 요충지로 『민족의 시련과 영광의 탑』이 시설되어 있어 많은 관광 및 탐방객이 즐겨 찾는 곳이다. 산 정상에 서면 서해 바다, 삽교천, 아산만 방조제와 아산 시가지를 한눈에 조망할 수 있다. 넓고 푸른 산림에 통나무로 만든 가족단위 숲속의 집과 야영테크, 물놀이터, 어린이 놀이터 등 놀이시설과 수목원, 등산로, 평상 등 휴양 편의시설을 갖추어 놓고 있어서 남녀노소를 불문하는 다양한 연령대가 함께 즐길 수 있는 곳이다. 또 인근에 현충사, 민속박물관, 민속마을, 온양온천, 도고온천, 강당골 유원지, 도고 골프장 등 관광지와 휴식처가 위치해 자동차로 15~20분 거리면 주변 관광을 즐길 수 있다.",개인 어른 2000원 청소년 1500원 어린이 1000원  단체 어른 1600원 청소년 1200원 어린이 800원,https://image.foresttrip.go.kr/frip/3c6a9f53-c59b-4910-b6b5-524879588067.jpg
봉수산자연휴양림,충청남도,충청남도 예산군 대흥면 임존성길 153,36.5976595,126.7814735, 041-339-8936~7,"봉수산자연휴양림은 예산 예당저수지(예당관광지) 남서쪽 인근에 솟은 봉수산(483m)에 조성된 자연휴양림이다.
2007년에 개장하여 다양한 산림휴양시설을 갖추고 있으며 천연림과 인공림이 조화를 이룬 절경에 각종 야생조수가 서식하고 있는 곳으로 알려져 있다. 휴양림 내에는 1시간부터 3시간 코스까지 다양하면서도 완만한 등산로가 있어 숲속 산책과 등산을 즐길 수 있어 가족 및 동호회 단위의 등산객이 많아지고 있다. 임존성을 둘러보고 봉수산 정상까지 오르는 코스에서는 예당저수지를 한눈에 내려다볼 수 있다. 휴양림 내에는 숙박시설(숲속의 집, 산림문화휴양관)과 물놀이장, 족구장, 세미나실, 숲체험장 등이 마련되어 있다.
인근에는 예당저수지, 봉수산수목원, 의좋은형제공원, 대흥슬로시티, 광시한우거리 등이 있다.",0,https://image.foresttrip.go.kr/frip/9afa31d6-2356-4c27-bc76-8095d720ca61.jpg
